<?xml version="1.0" encoding="UTF-8"?>
<point_cloud version="1.2.0">
  <tracks path="tracks.ply" count="97413"/>
  <points path="points.ply" count="85715"/>
  <projections camera_id="0" path="p0.ply" count="2055"/>
  <projections camera_id="1" path="p1.ply" count="2129"/>
  <projections camera_id="2" path="p2.ply" count="1714"/>
  <projections camera_id="3" path="p3.ply" count="1648"/>
  <projections camera_id="4" path="p4.ply" count="1643"/>
  <projections camera_id="5" path="p5.ply" count="1624"/>
  <projections camera_id="6" path="p6.ply" count="1625"/>
  <projections camera_id="7" path="p7.ply" count="1457"/>
  <projections camera_id="8" path="p8.ply" count="1231"/>
  <projections camera_id="9" path="p9.ply" count="1394"/>
  <projections camera_id="10" path="p10.ply" count="1660"/>
  <projections camera_id="11" path="p11.ply" count="1928"/>
  <projections camera_id="12" path="p12.ply" count="2038"/>
  <projections camera_id="13" path="p13.ply" count="1005"/>
  <projections camera_id="14" path="p14.ply" count="2378"/>
  <projections camera_id="15" path="p15.ply" count="2631"/>
  <projections camera_id="16" path="p16.ply" count="2634"/>
  <projections camera_id="17" path="p17.ply" count="4006"/>
  <projections camera_id="18" path="p18.ply" count="4144"/>
  <projections camera_id="19" path="p19.ply" count="3991"/>
  <projections camera_id="20" path="p20.ply" count="4153"/>
  <projections camera_id="21" path="p21.ply" count="4055"/>
  <projections camera_id="22" path="p22.ply" count="4099"/>
  <projections camera_id="23" path="p23.ply" count="4145"/>
  <projections camera_id="24" path="p24.ply" count="4043"/>
  <projections camera_id="25" path="p25.ply" count="4155"/>
  <projections camera_id="26" path="p26.ply" count="4594"/>
  <projections camera_id="27" path="p27.ply" count="5245"/>
  <projections camera_id="28" path="p28.ply" count="4551"/>
  <projections camera_id="29" path="p29.ply" count="4034"/>
  <projections camera_id="30" path="p30.ply" count="4072"/>
  <projections camera_id="31" path="p31.ply" count="4223"/>
  <projections camera_id="32" path="p32.ply" count="3144"/>
  <projections camera_id="33" path="p33.ply" count="1493"/>
  <projections camera_id="34" path="p34.ply" count="1392"/>
  <projections camera_id="35" path="p35.ply" count="2343"/>
  <projections camera_id="36" path="p36.ply" count="4244"/>
  <projections camera_id="37" path="p37.ply" count="3991"/>
  <projections camera_id="38" path="p38.ply" count="1997"/>
  <projections camera_id="39" path="p39.ply" count="1735"/>
  <projections camera_id="40" path="p40.ply" count="2293"/>
  <projections camera_id="41" path="p41.ply" count="2779"/>
  <projections camera_id="42" path="p42.ply" count="3745"/>
  <projections camera_id="43" path="p43.ply" count="4105"/>
  <projections camera_id="44" path="p44.ply" count="3978"/>
  <projections camera_id="45" path="p45.ply" count="1684"/>
  <projections camera_id="46" path="p46.ply" count="4002"/>
  <projections camera_id="47" path="p47.ply" count="3989"/>
  <projections camera_id="48" path="p48.ply" count="3280"/>
  <projections camera_id="49" path="p49.ply" count="3079"/>
  <projections camera_id="50" path="p50.ply" count="2159"/>
  <projections camera_id="51" path="p51.ply" count="4085"/>
  <projections camera_id="52" path="p52.ply" count="1374"/>
  <projections camera_id="53" path="p53.ply" count="4024"/>
  <projections camera_id="54" path="p54.ply" count="507"/>
  <projections camera_id="55" path="p55.ply" count="4510"/>
  <projections camera_id="56" path="p56.ply" count="5459"/>
  <projections camera_id="57" path="p57.ply" count="4418"/>
  <projections camera_id="58" path="p58.ply" count="4007"/>
  <projections camera_id="59" path="p59.ply" count="3474"/>
  <projections camera_id="60" path="p60.ply" count="2065"/>
  <projections camera_id="61" path="p61.ply" count="1712"/>
  <projections camera_id="62" path="p62.ply" count="2062"/>
  <projections camera_id="63" path="p63.ply" count="2150"/>
  <projections camera_id="64" path="p64.ply" count="1884"/>
  <projections camera_id="65" path="p65.ply" count="2179"/>
  <projections camera_id="66" path="p66.ply" count="2039"/>
  <projections camera_id="67" path="p67.ply" count="2208"/>
  <projections camera_id="68" path="p68.ply" count="3937"/>
  <projections camera_id="69" path="p69.ply" count="4969"/>
  <projections camera_id="70" path="p70.ply" count="6035"/>
  <projections camera_id="71" path="p71.ply" count="4376"/>
  <projections camera_id="72" path="p72.ply" count="2425"/>
  <projections camera_id="73" path="p73.ply" count="4008"/>
  <projections camera_id="74" path="p74.ply" count="4038"/>
  <projections camera_id="75" path="p75.ply" count="4205"/>
  <projections camera_id="76" path="p76.ply" count="2953"/>
  <projections camera_id="77" path="p77.ply" count="2367"/>
  <projections camera_id="78" path="p78.ply" count="738"/>
  <projections camera_id="79" path="p79.ply" count="250"/>
  <projections camera_id="80" path="p80.ply" count="1626"/>
  <projections camera_id="81" path="p81.ply" count="2852"/>
  <projections camera_id="82" path="p82.ply" count="520"/>
  <projections camera_id="83" path="p83.ply" count="2007"/>
  <projections camera_id="84" path="p84.ply" count="3559"/>
  <projections camera_id="85" path="p85.ply" count="4029"/>
  <projections camera_id="86" path="p86.ply" count="4021"/>
  <projections camera_id="87" path="p87.ply" count="4147"/>
  <projections camera_id="88" path="p88.ply" count="4628"/>
  <projections camera_id="89" path="p89.ply" count="4090"/>
  <projections camera_id="90" path="p90.ply" count="4597"/>
  <projections camera_id="91" path="p91.ply" count="1411"/>
  <projections camera_id="92" path="p92.ply" count="2381"/>
  <projections camera_id="93" path="p93.ply" count="4048"/>
  <projections camera_id="94" path="p94.ply" count="4631"/>
  <projections camera_id="95" path="p95.ply" count="4037"/>
  <projections camera_id="96" path="p96.ply" count="4301"/>
  <projections camera_id="97" path="p97.ply" count="5947"/>
  <projections camera_id="98" path="p98.ply" count="4354"/>
  <projections camera_id="99" path="p99.ply" count="3397"/>
  <projections camera_id="100" path="p100.ply" count="362"/>
  <projections camera_id="101" path="p101.ply" count="3952"/>
  <projections camera_id="102" path="p102.ply" count="4019"/>
  <projections camera_id="103" path="p103.ply" count="1093"/>
  <projections camera_id="104" path="p104.ply" count="717"/>
  <projections camera_id="105" path="p105.ply" count="2025"/>
  <meta>
    <property name="match/duration" value="1216.990353"/>
    <property name="match/match_downscale" value="2"/>
    <property name="match/match_filter_mask" value="true"/>
    <property name="match/match_point_limit" value="40000"/>
    <property name="match/match_select_pairs" value="1"/>
    <property name="match/match_tiepoint_limit" value="4000"/>
  </meta>
</point_cloud>
